origin,dest,avg_daily_trips,allocated_demand_tons_per_day,required_trains_per_day,utilization_ratio_trains,distance_km,avg_speed_kmh,ton_km_per_day,efficiency_grade,importance_score,distance_category,origin_eng,latitude,longitude,dest_eng,latitude_dest,longitude_dest,origin_centrality,origin_hub_type,origin_hub_type_eng,dest_centrality,dest_hub_type,dest_hub_type_eng,corridor_grade,corridor_grade_eng,origin_region,dest_region,inter_regional
가야,의왕,6,118.30881424977036,0.11830881424977037,0.019718135708295063,401.5,41.17948717948718,38235.58058668477,매우낮음,0.31098528854986224,초장거리,Gaya,35.15585,129.0427,Uiwang,37.3211,126.94838,0.003998269793609488,말단역,Terminal,0.04206309905137566,말단역,Terminal,C급 (보조),C-grade (Support),남부,중부,True
가천,제천조차장,7,138.02694995806542,0.13802694995806541,0.01971813570829506,215.8,39.11782477341391,44608.17735113223,매우낮음,0.36281616997483923,장거리,Gacheon,35.85361,128.69306,JecheonYard,37.12769,128.1785,0.011269057522250376,말단역,Terminal,0.3272044515385864,주요 허브,Major Hub,C급 (보조),C-grade (Support),중남부,중부,True
간치,제천조차장,7,138.02694995806542,0.13802694995806541,0.01971813570829506,253.8,44.78823529411765,44608.17735113223,매우낮음,0.36281616997483923,장거리,Ganchi,36.20982,126.62076,JecheonYard,37.12769,128.1785,0.007966883551809337,말단역,Terminal,0.3272044515385864,주요 허브,Major Hub,C급 (보조),C-grade (Support),중남부,중부,True
광양,신례원,12,236.61762849954073,0.23661762849954074,0.019718135708295063,278.3,48.211126273047995,76471.16117336955,매우낮음,0.6219705770997245,장거리,Gwangyang,34.95611,127.58778,Sillyewon,36.72714,126.84972,0.03522870542381626,말단역,Terminal,0.003978038143045689,말단역,Terminal,B급 (일반),B-grade (General),남부,중부,True
광양,천안,12,236.61762849954073,0.23661762849954074,0.019718135708295063,306.5,53.98402255639098,76471.16117336955,매우낮음,0.6219705770997245,초장거리,Gwangyang,34.95611,127.58778,Cheonan,36.81012,127.14683,0.03522870542381626,말단역,Terminal,0.030071364885365763,말단역,Terminal,B급 (일반),B-grade (General),남부,중부,True
광운대,도담,7,138.02694995806542,0.13802694995806541,0.01971813570829506,160.8,44.05479452054795,44608.17735113223,매우낮음,0.36281616997483923,중거리,Gwangwoondae,37.62369,127.06191,Dodam,37.02436,128.3265,0.011869094700967739,말단역,Terminal,0.06600172599010236,중간 허브,Intermediate Hub,C급 (보조),C-grade (Support),북부,중부,True
광운대,입석리,7,138.02694995806542,0.13802694995806541,0.01971813570829506,158.6,48.06060606060606,44608.17735113223,매우낮음,0.36281616997483923,중거리,Gwangwoondae,37.62369,127.06191,Ipseokri,37.19686,128.29764,0.011869094700967739,말단역,Terminal,0.025212927299791455,말단역,Terminal,C급 (보조),C-grade (Support),북부,중부,True
광운대,제천조차장,6,118.30881424977036,0.11830881424977037,0.019718135708295063,142.6,45.26984126984127,38235.58058668477,매우낮음,0.31098528854986224,중거리,Gwangwoondae,37.62369,127.06191,JecheonYard,37.12769,128.1785,0.011869094700967739,말단역,Terminal,0.3272044515385864,주요 허브,Major Hub,C급 (보조),C-grade (Support),북부,중부,True
괴동,도담,7,138.02694995806542,0.13802694995806541,0.01971813570829506,240.4,39.84530386740331,44608.17735113223,매우낮음,0.36281616997483923,장거리,Goedong,35.99667,129.375,Dodam,37.02436,128.3265,0.14825346908270137,중간 허브,Intermediate Hub,0.06600172599010236,중간 허브,Intermediate Hub,C급 (보조),C-grade (Support),중남부,중부,True
괴동,순천,7,138.02694995806542,0.13802694995806541,0.01971813570829506,328.2,44.25168539325843,44608.17735113223,매우낮음,0.36281616997483923,초장거리,Goedong,35.99667,129.375,Suncheon,34.94637,127.50221,0.14825346908270137,중간 허브,Intermediate Hub,0.04965907560352373,말단역,Terminal,C급 (보조),C-grade (Support),중남부,남부,True
괴동,오봉,14,276.05389991613083,0.27605389991613083,0.01971813570829506,402.3,48.31387808041505,89216.35470226446,매우낮음,0.7256323399496785,초장거리,Goedong,35.99667,129.375,Obong,37.33611,126.96111,0.14825346908270137,중간 허브,Intermediate Hub,0.15391569198342916,주요 허브,Major Hub,B급 (일반),B-grade (General),중남부,중부,True
괴동,입석리,7,138.02694995806542,0.13802694995806541,0.01971813570829506,270.0,31.702544031311152,44608.17735113223,매우낮음,0.36281616997483923,장거리,Goedong,35.99667,129.375,Ipseokri,37.19686,128.29764,0.14825346908270137,중간 허브,Intermediate Hub,0.025212927299791455,말단역,Terminal,C급 (보조),C-grade (Support),중남부,중부,True
괴동,제천,7,138.02694995806542,0.13802694995806541,0.01971813570829506,256.3,41.4501347708895,44608.17735113223,매우낮음,0.36281616997483923,장거리,Goedong,35.99667,129.375,Jecheon,37.12722,128.20617,0.14825346908270137,중간 허브,Intermediate Hub,0.004087401654046361,말단역,Terminal,C급 (보조),C-grade (Support),중남부,중부,True
괴동,제천조차장,14,276.05389991613083,0.27605389991613083,0.01971813570829506,258.6,35.458648012876075,89216.35470226446,매우낮음,0.7256323399496785,장거리,Goedong,35.99667,129.375,JecheonYard,37.12769,128.1785,0.14825346908270137,중간 허브,Intermediate Hub,0.3272044515385864,주요 허브,Major Hub,B급 (일반),B-grade (General),중남부,중부,True
군산,태금,7,138.02694995806542,0.13802694995806541,0.01971813570829506,193.6,45.375,44608.17735113223,매우낮음,0.36281616997483923,중거리,Gunsan,35.9977,126.76087,Taegum,34.93056,127.71528,0.012851851427976258,말단역,Terminal,0.02405392663992252,말단역,Terminal,C급 (보조),C-grade (Support),중남부,남부,True
나주,흥국사,7,138.02694995806542,0.13802694995806541,0.01971813570829506,297.6,54.941538461538464,44608.17735113223,매우낮음,0.36281616997483923,장거리,Naju,35.01426,126.71699,Heungguksa,34.81667,127.67611,0.004024011888073619,말단역,Terminal,0.031009437716754792,말단역,Terminal,C급 (보조),C-grade (Support),남부,남부,False
대전조차장,도담,7,138.02694995806542,0.13802694995806541,0.01971813570829506,170.3,54.06349206349207,44608.17735113223,매우낮음,0.36281616997483923,중거리,DaejeonYard,36.37111,127.4225,Dodam,37.02436,128.3265,0.023176296389022886,말단역,Terminal,0.06600172599010236,중간 허브,Intermediate Hub,C급 (보조),C-grade (Support),중남부,중부,True
대전조차장,동해,12,236.61762849954073,0.23661762849954074,0.019718135708295063,313.1,40.176840260619706,76471.16117336955,매우낮음,0.6219705770997245,초장거리,DaejeonYard,36.37111,127.4225,Donghae,37.49798,129.12276,0.023176296389022886,말단역,Terminal,0.2088824901742632,중간 허브,Intermediate Hub,B급 (일반),B-grade (General),중남부,중부,True
대전조차장,입석리,12,236.61762849954073,0.23661762849954074,0.019718135708295063,168.1,46.73515628405772,76471.16117336955,매우낮음,0.6219705770997245,중거리,DaejeonYard,36.37111,127.4225,Ipseokri,37.19686,128.29764,0.023176296389022886,말단역,Terminal,0.025212927299791455,말단역,Terminal,B급 (일반),B-grade (General),중남부,중부,True
대전조차장,제천조차장,26,512.6715284156716,0.5126715284156715,0.01971813570829506,152.1,58.47126786257221,165687.515875634,매우낮음,1.347602917049403,중거리,DaejeonYard,36.37111,127.4225,JecheonYard,37.12769,128.1785,0.023176296389022886,말단역,Terminal,0.3272044515385864,주요 허브,Major Hub,A급 (주요),A-grade (Major),중남부,중부,True
덕소,도담,7,138.02694995806542,0.13802694995806541,0.01971813570829506,143.3,48.30337078651686,44608.17735113223,매우낮음,0.36281616997483923,중거리,Deokso,37.58639,127.20944,Dodam,37.02436,128.3265,0.025453410697351183,말단역,Terminal,0.06600172599010236,중간 허브,Intermediate Hub,C급 (보조),C-grade (Support),북부,중부,True
덕소,입석리,13,256.3357642078358,0.25633576420783577,0.01971813570829506,141.1,37.653829980562655,82843.757937817,매우낮음,0.6738014585247015,중거리,Deokso,37.58639,127.20944,Ipseokri,37.19686,128.29764,0.025453410697351183,말단역,Terminal,0.025212927299791455,말단역,Terminal,B급 (일반),B-grade (General),북부,중부,True
덕소,제천조차장,6,118.30881424977036,0.11830881424977037,0.019718135708295063,125.1,44.94610778443113,38235.58058668477,매우낮음,0.31098528854986224,중거리,Deokso,37.58639,127.20944,JecheonYard,37.12769,128.1785,0.025453410697351183,말단역,Terminal,0.3272044515385864,주요 허브,Major Hub,C급 (보조),C-grade (Support),북부,중부,True
도담,가천,7,138.02694995806542,0.13802694995806541,0.01971813570829506,197.6,35.49700598802395,44608.17735113223,매우낮음,0.36281616997483923,중거리,Dodam,37.02436,128.3265,Gacheon,35.85361,128.69306,0.06600172599010236,중간 허브,Intermediate Hub,0.011269057522250376,말단역,Terminal,C급 (보조),C-grade (Support),중부,중남부,True
도담,광운대,14,276.05389991613083,0.27605389991613083,0.01971813570829506,160.8,44.883157348104554,89216.35470226446,매우낮음,0.7256323399496785,중거리,Dodam,37.02436,128.3265,Gwangwoondae,37.62369,127.06191,0.06600172599010236,중간 허브,Intermediate Hub,0.011869094700967739,말단역,Terminal,B급 (일반),B-grade (General),중부,북부,True
도담,대전조차장,19,374.6445784576062,0.3746445784576062,0.019718135708295063,170.3,55.841499002413265,121079.33852450179,매우낮음,0.9847867470745637,중거리,Dodam,37.02436,128.3265,DaejeonYard,36.37111,127.4225,0.06600172599010236,중간 허브,Intermediate Hub,0.023176296389022886,말단역,Terminal,B급 (일반),B-grade (General),중부,중남부,True
도담,무릉,5,98.5906785414753,0.0985906785414753,0.01971813570829506,89.2,34.30769230769231,31862.983822237307,매우낮음,0.25915440712488513,단거리,Dodam,37.02436,128.3265,Mureung,36.51917,128.6875,0.06600172599010236,중간 허브,Intermediate Hub,0.004137809412147929,말단역,Terminal,C급 (보조),C-grade (Support),중부,중부,False
도담,수색,28,552.1077998322617,0.5521077998322617,0.01971813570829506,272.4,47.93287698002159,178432.70940452893,매우낮음,1.451264679899357,장거리,Dodam,37.02436,128.3265,Susaek,37.58176,126.89395,0.06600172599010236,중간 허브,Intermediate Hub,0.01893248948234788,말단역,Terminal,A급 (주요),A-grade (Major),중부,북부,True
도담,오봉,21,414.08084987419625,0.41408084987419624,0.01971813570829506,234.8,57.37319060220487,133824.5320533967,매우낮음,1.0884485099245178,장거리,Dodam,37.02436,128.3265,Obong,37.33611,126.96111,0.06600172599010236,중간 허브,Intermediate Hub,0.15391569198342916,주요 허브,Major Hub,A급 (주요),A-grade (Major),중부,중부,False
도안,동해,5,98.5906785414753,0.0985906785414753,0.01971813570829506,238.0,34.40963855421687,31862.983822237307,매우낮음,0.25915440712488513,장거리,Doan,36.81333,127.61444,Donghae,37.49798,129.12276,0.004100857288079012,말단역,Terminal,0.2088824901742632,중간 허브,Intermediate Hub,C급 (보조),C-grade (Support),중부,중부,False
동산,신광양항,6,118.30881424977036,0.11830881424977037,0.019718135708295063,148.2,53.89090909090908,38235.58058668477,매우낮음,0.31098528854986224,중거리,Dongsan,35.875,127.08778,ShingwangyangPort,34.89778,127.64722,0.08660997820852037,중간 허브,Intermediate Hub,0.07332445377988714,중간 허브,Intermediate Hub,C급 (보조),C-grade (Support),중남부,남부,True
동산,제천조차장,7,138.02694995806542,0.13802694995806541,0.01971813570829506,257.6,55.79783393501806,44608.17735113223,매우낮음,0.36281616997483923,장거리,Dongsan,35.875,127.08778,JecheonYard,37.12769,128.1785,0.08660997820852037,중간 허브,Intermediate Hub,0.3272044515385864,주요 허브,Major Hub,C급 (보조),C-grade (Support),중남부,중부,True
동해,대전조차장,5,98.5906785414753,0.0985906785414753,0.01971813570829506,313.1,40.31330472103004,31862.983822237307,매우낮음,0.25915440712488513,초장거리,Donghae,37.49798,129.12276,DaejeonYard,36.37111,127.4225,0.2088824901742632,중간 허브,Intermediate Hub,0.023176296389022886,말단역,Terminal,C급 (보조),C-grade (Support),중부,중남부,True
동해,도안,5,98.5906785414753,0.0985906785414753,0.01971813570829506,241.0,43.03571428571429,31862.983822237307,매우낮음,0.25915440712488513,장거리,Donghae,37.49798,129.12276,Doan,36.81333,127.61444,0.2088824901742632,중간 허브,Intermediate Hub,0.004100857288079012,말단역,Terminal,C급 (보조),C-grade (Support),중부,중부,False
동해,부산신항,5,98.5906785414753,0.0985906785414753,0.01971813570829506,501.6,36.79217603911981,31862.983822237307,매우낮음,0.25915440712488513,초장거리,Donghae,37.49798,129.12276,BusanNewPort,35.11429,128.84629,0.2088824901742632,중간 허브,Intermediate Hub,0.22117197274517447,중간 허브,Intermediate Hub,C급 (보조),C-grade (Support),중부,남부,True
동해,부산진,14,276.05389991613083,0.27605389991613083,0.01971813570829506,423.4,40.45479372855697,89216.35470226446,매우낮음,0.7256323399496785,초장거리,Donghae,37.49798,129.12276,Busanjin,35.12873,129.04991,0.2088824901742632,중간 허브,Intermediate Hub,0.05230597300373528,중간 허브,Intermediate Hub,B급 (일반),B-grade (General),중부,남부,True
동해,석포,6,118.30881424977036,0.11830881424977037,0.019718135708295063,70.8,42.90909090909091,38235.58058668477,매우낮음,0.31098528854986224,단거리,Donghae,37.49798,129.12276,Seokpo,37.04596,129.06029,0.2088824901742632,중간 허브,Intermediate Hub,0.004169621418529715,말단역,Terminal,C급 (보조),C-grade (Support),중부,중부,False
동해,수색,7,138.02694995806542,0.13802694995806541,0.01971813570829506,415.2,42.439522998296425,44608.17735113223,매우낮음,0.36281616997483923,초장거리,Donghae,37.49798,129.12276,Susaek,37.58176,126.89395,0.2088824901742632,중간 허브,Intermediate Hub,0.01893248948234788,말단역,Terminal,C급 (보조),C-grade (Support),중부,북부,True
동해,오봉,7,138.02694995806542,0.13802694995806541,0.01971813570829506,380.6,43.74712643678161,44608.17735113223,매우낮음,0.36281616997483923,초장거리,Donghae,37.49798,129.12276,Obong,37.33611,126.96111,0.2088824901742632,중간 허브,Intermediate Hub,0.15391569198342916,주요 허브,Major Hub,C급 (보조),C-grade (Support),중부,중부,False
동해,음성,6,118.30881424977036,0.11830881424977037,0.019718135708295063,224.2,31.577464788732396,38235.58058668477,매우낮음,0.31098528854986224,장거리,Donghae,37.49798,129.12276,Eumseong,36.92603,127.72612,0.2088824901742632,중간 허브,Intermediate Hub,0.004106316447779862,말단역,Terminal,C급 (보조),C-grade (Support),중부,중부,False
동해,제천조차장,21,414.08084987419625,0.41408084987419624,0.01971813570829506,164.0,32.634836173471,133824.5320533967,매우낮음,1.0884485099245178,중거리,Donghae,37.49798,129.12276,JecheonYard,37.12769,128.1785,0.2088824901742632,중간 허브,Intermediate Hub,0.3272044515385864,주요 허브,Major Hub,A급 (주요),A-grade (Major),중부,중부,False
마산,영주,7,138.02694995806542,0.13802694995806541,0.01971813570829506,266.5,39.48148148148148,44608.17735113223,매우낮음,0.36281616997483923,장거리,Masan,35.2359,128.57728,Yeongju,36.81094,128.62575,0.004103408934362659,말단역,Terminal,0.10596447231244494,중간 허브,Intermediate Hub,C급 (보조),C-grade (Support),남부,중부,True
목포,황등,5,98.5906785414753,0.0985906785414753,0.01971813570829506,195.3,45.95294117647059,31862.983822237307,매우낮음,0.25915440712488513,중거리,Mokpo,34.8,126.4,Hwangdeung,35.99972,126.94335,0.0040611960481859955,말단역,Terminal,0.04710339629803706,중간 허브,Intermediate Hub,C급 (보조),C-grade (Support),남부,중남부,True
무릉,도담,5,98.5906785414753,0.0985906785414753,0.01971813570829506,89.2,36.40816326530612,31862.983822237307,매우낮음,0.25915440712488513,단거리,Mureung,36.51917,128.6875,Dodam,37.02436,128.3265,0.004137809412147929,말단역,Terminal,0.06600172599010236,중간 허브,Intermediate Hub,C급 (보조),C-grade (Support),중부,중부,False
문수,부산진,6,118.30881424977036,0.11830881424977037,0.019718135708295063,270.8,28.356020942408374,38235.58058668477,매우낮음,0.31098528854986224,장거리,Munsu,36.76889,128.63,Busanjin,35.12873,129.04991,0.00404477268133077,말단역,Terminal,0.05230597300373528,중간 허브,Intermediate Hub,C급 (보조),C-grade (Support),중부,남부,True
부강화물,부산신항,6,118.30881424977036,0.11830881424977037,0.019718135708295063,294.9,54.443076923076916,38235.58058668477,매우낮음,0.31098528854986224,장거리,BugangCargo,36.54419,127.349,BusanNewPort,35.11429,128.84629,0.007908557627328746,말단역,Terminal,0.22117197274517447,중간 허브,Intermediate Hub,C급 (보조),C-grade (Support),중부,남부,True
부강화물,부산진,6,118.30881424977036,0.11830881424977037,0.019718135708295063,303.0,64.69750889679715,38235.58058668477,매우낮음,0.31098528854986224,초장거리,BugangCargo,36.54419,127.349,Busanjin,35.12873,129.04991,0.007908557627328746,말단역,Terminal,0.05230597300373528,중간 허브,Intermediate Hub,C급 (보조),C-grade (Support),중부,남부,True
부산신항,동해,5,98.5906785414753,0.0985906785414753,0.01971813570829506,501.6,39.54796320630749,31862.983822237307,매우낮음,0.25915440712488513,초장거리,BusanNewPort,35.11429,128.84629,Donghae,37.49798,129.12276,0.22117197274517447,중간 허브,Intermediate Hub,0.2088824901742632,중간 허브,Intermediate Hub,C급 (보조),C-grade (Support),남부,중부,True
부산신항,부강화물,6,118.30881424977036,0.11830881424977037,0.019718135708295063,294.9,55.293749999999996,38235.58058668477,매우낮음,0.31098528854986224,장거리,BusanNewPort,35.11429,128.84629,BugangCargo,36.54419,127.349,0.22117197274517447,중간 허브,Intermediate Hub,0.007908557627328746,말단역,Terminal,C급 (보조),C-grade (Support),남부,중부,True
부산신항,삽교,14,276.05389991613083,0.27605389991613083,0.01971813570829506,377.7,59.202159400544964,89216.35470226446,매우낮음,0.7256323399496785,초장거리,BusanNewPort,35.11429,128.84629,Sapgyo,36.67028,126.75167,0.22117197274517447,중간 허브,Intermediate Hub,0.030063543613880854,중간 허브,Intermediate Hub,B급 (일반),B-grade (General),남부,중부,True
부산신항,순천,6,118.30881424977036,0.11830881424977037,0.019718135708295063,159.8,52.108695652173914,38235.58058668477,매우낮음,0.31098528854986224,중거리,BusanNewPort,35.11429,128.84629,Suncheon,34.94637,127.50221,0.22117197274517447,중간 허브,Intermediate Hub,0.04965907560352373,말단역,Terminal,C급 (보조),C-grade (Support),남부,남부,False
부산신항,약목,6,118.30881424977036,0.11830881424977037,0.019718135708295063,142.3,63.24444444444445,38235.58058668477,매우낮음,0.31098528854986224,중거리,BusanNewPort,35.11429,128.84629,Yakmok,36.03722,128.36417,0.22117197274517447,중간 허브,Intermediate Hub,0.023843973986876044,말단역,Terminal,C급 (보조),C-grade (Support),남부,중남부,True
부산신항,오봉,57,1123.9337353728183,1.1239337353728183,0.019718135708295056,402.3,74.98146992953106,363238.0155735053,매우낮음,2.954360241223691,초장거리,BusanNewPort,35.11429,128.84629,Obong,37.33611,126.96111,0.22117197274517447,중간 허브,Intermediate Hub,0.15391569198342916,주요 허브,Major Hub,A급 (주요),A-grade (Major),남부,중부,True
부산신항,천안,5,98.5906785414753,0.0985906785414753,0.01971813570829506,335.2,57.462857142857146,31862.983822237307,매우낮음,0.25915440712488513,초장거리,BusanNewPort,35.11429,128.84629,Cheonan,36.81012,127.14683,0.22117197274517447,중간 허브,Intermediate Hub,0.030071364885365763,말단역,Terminal,C급 (보조),C-grade (Support),남부,중부,True
부산신항,황등,10,197.1813570829506,0.1971813570829506,0.01971813570829506,312.1,50.664102489104685,63725.967644474615,매우낮음,0.5183088142497703,초장거리,BusanNewPort,35.11429,128.84629,Hwangdeung,35.99972,126.94335,0.22117197274517447,중간 허브,Intermediate Hub,0.04710339629803706,중간 허브,Intermediate Hub,B급 (일반),B-grade (General),남부,중남부,True
부산진,동해,14,276.05389991613083,0.27605389991613083,0.01971813570829506,423.4,32.10944554320398,89216.35470226446,매우낮음,0.7256323399496785,초장거리,Busanjin,35.12873,129.04991,Donghae,37.49798,129.12276,0.05230597300373528,중간 허브,Intermediate Hub,0.2088824901742632,중간 허브,Intermediate Hub,B급 (일반),B-grade (General),남부,중부,True
부산진,문수,6,118.30881424977036,0.11830881424977037,0.019718135708295063,270.8,45.51260504201681,38235.58058668477,매우낮음,0.31098528854986224,장거리,Busanjin,35.12873,129.04991,Munsu,36.76889,128.63,0.05230597300373528,중간 허브,Intermediate Hub,0.00404477268133077,말단역,Terminal,C급 (보조),C-grade (Support),남부,중부,True
부산진,부강화물,6,118.30881424977036,0.11830881424977037,0.019718135708295063,303.0,64.69750889679715,38235.58058668477,매우낮음,0.31098528854986224,초장거리,Busanjin,35.12873,129.04991,BugangCargo,36.54419,127.349,0.05230597300373528,중간 허브,Intermediate Hub,0.007908557627328746,말단역,Terminal,C급 (보조),C-grade (Support),남부,중부,True
부산진,약목,5,98.5906785414753,0.0985906785414753,0.01971813570829506,150.4,65.86861313868614,31862.983822237307,매우낮음,0.25915440712488513,중거리,Busanjin,35.12873,129.04991,Yakmok,36.03722,128.36417,0.05230597300373528,중간 허브,Intermediate Hub,0.023843973986876044,말단역,Terminal,C급 (보조),C-grade (Support),남부,중남부,True
부산진,오봉,21,414.08084987419625,0.41408084987419624,0.01971813570829506,410.4,73.08446357472461,133824.5320533967,매우낮음,1.0884485099245178,초장거리,Busanjin,35.12873,129.04991,Obong,37.33611,126.96111,0.05230597300373528,중간 허브,Intermediate Hub,0.15391569198342916,주요 허브,Major Hub,A급 (주요),A-grade (Major),남부,중부,True
삽교,광양,6,118.30881424977036,0.11830881424977037,0.019718135708295063,265.5,43.88429752066116,38235.58058668477,매우낮음,0.31098528854986224,장거리,Sapgyo,36.67028,126.75167,Gwangyang,34.95611,127.58778,0.030063543613880854,중간 허브,Intermediate Hub,0.03522870542381626,말단역,Terminal,C급 (보조),C-grade (Support),중부,남부,True
삽교,부산신항,14,276.05389991613083,0.27605389991613083,0.01971813570829506,377.7,60.25765558349106,89216.35470226446,매우낮음,0.7256323399496785,초장거리,Sapgyo,36.67028,126.75167,BusanNewPort,35.11429,128.84629,0.030063543613880854,중간 허브,Intermediate Hub,0.22117197274517447,중간 허브,Intermediate Hub,B급 (일반),B-grade (General),중부,남부,True
석항,괴동,7,138.02694995806542,0.13802694995806541,0.01971813570829506,305.3,35.988212180746565,44608.17735113223,매우낮음,0.36281616997483923,초장거리,Seokhang,37.19722,128.48528,Goedong,35.99667,129.375,0.004074183016346926,말단역,Terminal,0.14825346908270137,중간 허브,Intermediate Hub,C급 (보조),C-grade (Support),중부,중남부,True
수색,도담,21,414.08084987419625,0.41408084987419624,0.01971813570829506,272.4,56.25664741222637,133824.5320533967,매우낮음,1.0884485099245178,장거리,Susaek,37.58176,126.89395,Dodam,37.02436,128.3265,0.01893248948234788,말단역,Terminal,0.06600172599010236,중간 허브,Intermediate Hub,A급 (주요),A-grade (Major),북부,중부,True
수색,제천조차장,23,453.5171212907864,0.4535171212907864,0.019718135708295063,254.2,49.93051253048419,146569.7255822916,매우낮음,1.192110272774472,장거리,Susaek,37.58176,126.89395,JecheonYard,37.12769,128.1785,0.01893248948234788,말단역,Terminal,0.3272044515385864,주요 허브,Major Hub,A급 (주요),A-grade (Major),북부,중부,True
신광양항,군산,6,118.30881424977036,0.11830881424977037,0.019718135708295063,187.2,51.99999999999999,38235.58058668477,매우낮음,0.31098528854986224,중거리,ShingwangyangPort,34.89778,127.64722,Gunsan,35.9977,126.76087,0.07332445377988714,중간 허브,Intermediate Hub,0.012851851427976258,말단역,Terminal,C급 (보조),C-grade (Support),남부,중남부,True
신광양항,동산,6,118.30881424977036,0.11830881424977037,0.019718135708295063,148.2,59.279999999999994,38235.58058668477,매우낮음,0.31098528854986224,중거리,ShingwangyangPort,34.89778,127.64722,Dongsan,35.875,127.08778,0.07332445377988714,중간 허브,Intermediate Hub,0.08660997820852037,중간 허브,Intermediate Hub,C급 (보조),C-grade (Support),남부,중남부,True
신광양항,오봉,6,118.30881424977036,0.11830881424977037,0.019718135708295063,385.9,59.82945736434109,38235.58058668477,매우낮음,0.31098528854986224,초장거리,ShingwangyangPort,34.89778,127.64722,Obong,37.33611,126.96111,0.07332445377988714,중간 허브,Intermediate Hub,0.15391569198342916,주요 허브,Major Hub,C급 (보조),C-grade (Support),남부,중부,True
신광양항,황등,5,98.5906785414753,0.0985906785414753,0.01971813570829506,172.5,52.01005025125628,31862.983822237307,매우낮음,0.25915440712488513,중거리,ShingwangyangPort,34.89778,127.64722,Hwangdeung,35.99972,126.94335,0.07332445377988714,중간 허브,Intermediate Hub,0.04710339629803706,중간 허브,Intermediate Hub,C급 (보조),C-grade (Support),남부,중남부,True
신동,제천조차장,5,98.5906785414753,0.0985906785414753,0.01971813570829506,243.3,39.032085561497325,31862.983822237307,매우낮음,0.25915440712488513,장거리,Shindong,35.95556,128.32861,JecheonYard,37.12769,128.1785,0.004124667333972898,말단역,Terminal,0.3272044515385864,주요 허브,Major Hub,C급 (보조),C-grade (Support),중남부,중부,True
신례원,광양,12,236.61762849954073,0.23661762849954074,0.019718135708295063,278.3,56.26172216016297,76471.16117336955,매우낮음,0.6219705770997245,장거리,Sillyewon,36.72714,126.84972,Gwangyang,34.95611,127.58778,0.003978038143045689,말단역,Terminal,0.03522870542381626,말단역,Terminal,B급 (일반),B-grade (General),중부,남부,True
쌍룡,청주,14,276.05389991613083,0.27605389991613083,0.01971813570829506,129.0,60.24167171411266,89216.35470226446,매우낮음,0.7256323399496785,중거리,Ssangryong,37.17439,127.34,Cheongju,36.64671,127.24399,0.03492810825789339,말단역,Terminal,0.020708338976708547,말단역,Terminal,B급 (일반),B-grade (General),중부,중부,False
쌍룡,팔당,14,276.05389991613083,0.27605389991613083,0.01971813570829506,140.0,46.50527848562068,89216.35470226446,매우낮음,0.7256323399496785,중거리,Ssangryong,37.17439,127.34,Paldang,37.53328,127.24454,0.03492810825789339,말단역,Terminal,0.004103603804318228,말단역,Terminal,B급 (일반),B-grade (General),중부,북부,True
약목,부산신항,6,118.30881424977036,0.11830881424977037,0.019718135708295063,142.3,60.12676056338029,38235.58058668477,매우낮음,0.31098528854986224,중거리,Yakmok,36.03722,128.36417,BusanNewPort,35.11429,128.84629,0.023843973986876044,말단역,Terminal,0.22117197274517447,중간 허브,Intermediate Hub,C급 (보조),C-grade (Support),중남부,남부,True
약목,부산진,5,98.5906785414753,0.0985906785414753,0.01971813570829506,150.4,66.3529411764706,31862.983822237307,매우낮음,0.25915440712488513,중거리,Yakmok,36.03722,128.36417,Busanjin,35.12873,129.04991,0.023843973986876044,말단역,Terminal,0.05230597300373528,중간 허브,Intermediate Hub,C급 (보조),C-grade (Support),중남부,남부,True
영주,동해,6,118.30881424977036,0.11830881424977037,0.019718135708295063,147.6,30.643598615916954,38235.58058668477,매우낮음,0.31098528854986224,중거리,Yeongju,36.81094,128.62575,Donghae,37.49798,129.12276,0.10596447231244494,중간 허브,Intermediate Hub,0.2088824901742632,중간 허브,Intermediate Hub,C급 (보조),C-grade (Support),중부,중부,False
영주,마산,7,138.02694995806542,0.13802694995806541,0.01971813570829506,266.5,37.44730679156909,44608.17735113223,매우낮음,0.36281616997483923,장거리,Yeongju,36.81094,128.62575,Masan,35.2359,128.57728,0.10596447231244494,중간 허브,Intermediate Hub,0.004103408934362659,말단역,Terminal,C급 (보조),C-grade (Support),중부,남부,True
오봉,도담,27,532.3896641239667,0.5323896641239667,0.019718135708295063,234.8,56.11596376843396,172060.11264008147,매우낮음,1.3994337984743799,장거리,Obong,37.33611,126.96111,Dodam,37.02436,128.3265,0.15391569198342916,주요 허브,Major Hub,0.06600172599010236,중간 허브,Intermediate Hub,A급 (주요),A-grade (Major),중부,중부,False
오봉,동해,7,138.02694995806542,0.13802694995806541,0.01971813570829506,377.6,38.013422818791945,44608.17735113223,매우낮음,0.36281616997483923,초장거리,Obong,37.33611,126.96111,Donghae,37.49798,129.12276,0.15391569198342916,주요 허브,Major Hub,0.2088824901742632,중간 허브,Intermediate Hub,C급 (보조),C-grade (Support),중부,중부,False
오봉,부산신항,56,1104.2155996645233,1.1042155996645233,0.01971813570829506,402.3,74.89657933142178,356865.41880905785,매우낮음,2.902529359798714,초장거리,Obong,37.33611,126.96111,BusanNewPort,35.11429,128.84629,0.15391569198342916,주요 허브,Major Hub,0.22117197274517447,중간 허브,Intermediate Hub,A급 (주요),A-grade (Major),중부,남부,True
오봉,부산진,21,414.08084987419625,0.41408084987419624,0.01971813570829506,410.4,76.18363550404366,133824.5320533967,매우낮음,1.0884485099245178,초장거리,Obong,37.33611,126.96111,Busanjin,35.12873,129.04991,0.15391569198342916,주요 허브,Major Hub,0.05230597300373528,중간 허브,Intermediate Hub,A급 (주요),A-grade (Major),중부,남부,True
오봉,신광양항,6,118.30881424977036,0.11830881424977037,0.019718135708295063,385.9,56.06295399515738,38235.58058668477,매우낮음,0.31098528854986224,초장거리,Obong,37.33611,126.96111,ShingwangyangPort,34.89778,127.64722,0.15391569198342916,주요 허브,Major Hub,0.07332445377988714,중간 허브,Intermediate Hub,C급 (보조),C-grade (Support),중부,남부,True
오봉,쌍룡,14,276.05389991613083,0.27605389991613083,0.01971813570829506,237.2,55.935636010542375,89216.35470226446,매우낮음,0.7256323399496785,장거리,Obong,37.33611,126.96111,Ssangryong,37.17439,127.34,0.15391569198342916,주요 허브,Major Hub,0.03492810825789339,말단역,Terminal,B급 (일반),B-grade (General),중부,중부,False
오봉,옥계,7,138.02694995806542,0.13802694995806541,0.01971813570829506,395.1,41.58947368421053,44608.17735113223,매우낮음,0.36281616997483923,초장거리,Obong,37.33611,126.96111,Okgye,37.61675,129.05054,0.15391569198342916,주요 허브,Major Hub,0.017498999287179618,말단역,Terminal,C급 (보조),C-grade (Support),중부,북부,True
오봉,입석리,7,138.02694995806542,0.13802694995806541,0.01971813570829506,232.6,59.64102564102564,44608.17735113223,매우낮음,0.36281616997483923,장거리,Obong,37.33611,126.96111,Ipseokri,37.19686,128.29764,0.15391569198342916,주요 허브,Major Hub,0.025212927299791455,말단역,Terminal,C급 (보조),C-grade (Support),중부,중부,False
오봉,제천조차장,14,276.05389991613083,0.27605389991613083,0.01971813570829506,216.6,59.47857232625362,89216.35470226446,매우낮음,0.7256323399496785,장거리,Obong,37.33611,126.96111,JecheonYard,37.12769,128.1785,0.15391569198342916,주요 허브,Major Hub,0.3272044515385864,주요 허브,Major Hub,B급 (일반),B-grade (General),중부,중부,False
오봉,태금,7,138.02694995806542,0.13802694995806541,0.01971813570829506,392.3,48.531958762886596,44608.17735113223,매우낮음,0.36281616997483923,초장거리,Obong,37.33611,126.96111,Taegum,34.93056,127.71528,0.15391569198342916,주요 허브,Major Hub,0.02405392663992252,말단역,Terminal,C급 (보조),C-grade (Support),중부,남부,True
오봉,태화강,7,138.02694995806542,0.13802694995806541,0.01971813570829506,414.9,35.06197183098591,44608.17735113223,매우낮음,0.36281616997483923,초장거리,Obong,37.33611,126.96111,Taehwagang,35.53917,129.35417,0.15391569198342916,주요 허브,Major Hub,0.0040588519212362666,말단역,Terminal,C급 (보조),C-grade (Support),중부,중남부,True
옥계,제천조차장,6,118.30881424977036,0.11830881424977037,0.019718135708295063,181.5,32.123893805309734,38235.58058668477,매우낮음,0.31098528854986224,중거리,Okgye,37.61675,129.05054,JecheonYard,37.12769,128.1785,0.017498999287179618,말단역,Terminal,0.3272044515385864,주요 허브,Major Hub,C급 (보조),C-grade (Support),북부,중부,True
온산,수색,6,118.30881424977036,0.11830881424977037,0.019718135708295063,477.7,53.176252319109466,38235.58058668477,매우낮음,0.31098528854986224,초장거리,Onsan,35.42133,129.35103,Susaek,37.58176,126.89395,0.023749447894675674,말단역,Terminal,0.01893248948234788,말단역,Terminal,C급 (보조),C-grade (Support),남부,북부,True
온산,영주,7,138.02694995806542,0.13802694995806541,0.01971813570829506,231.7,35.922480620155035,44608.17735113223,매우낮음,0.36281616997483923,장거리,Onsan,35.42133,129.35103,Yeongju,36.81094,128.62575,0.023749447894675674,말단역,Terminal,0.10596447231244494,중간 허브,Intermediate Hub,C급 (보조),C-grade (Support),남부,중부,True
온산,철암,7,138.02694995806542,0.13802694995806541,0.01971813570829506,318.7,37.42074363992172,44608.17735113223,매우낮음,0.36281616997483923,초장거리,Onsan,35.42133,129.35103,Cheoram,37.11289,129.03696,0.023749447894675674,말단역,Terminal,0.044737023369392205,말단역,Terminal,C급 (보조),C-grade (Support),남부,중부,True
의왕,가야,6,118.30881424977036,0.11830881424977037,0.019718135708295063,410.3,41.654822335025386,38235.58058668477,매우낮음,0.31098528854986224,초장거리,Uiwang,37.3211,126.94838,Gaya,35.15585,129.0427,0.04206309905137566,말단역,Terminal,0.003998269793609488,말단역,Terminal,C급 (보조),C-grade (Support),중부,남부,True
의왕,괴동,7,138.02694995806542,0.13802694995806541,0.01971813570829506,398.0,47.4751491053678,44608.17735113223,매우낮음,0.36281616997483923,초장거리,Uiwang,37.3211,126.94838,Goedong,35.99667,129.375,0.04206309905137566,말단역,Terminal,0.14825346908270137,중간 허브,Intermediate Hub,C급 (보조),C-grade (Support),중부,중남부,True
의왕,온산,6,118.30881424977036,0.11830881424977037,0.019718135708295063,444.6,44.09256198347108,38235.58058668477,매우낮음,0.31098528854986224,초장거리,Uiwang,37.3211,126.94838,Onsan,35.42133,129.35103,0.04206309905137566,말단역,Terminal,0.023749447894675674,말단역,Terminal,C급 (보조),C-grade (Support),중부,남부,True
의왕,태금,7,138.02694995806542,0.13802694995806541,0.01971813570829506,396.7,48.27991886409736,44608.17735113223,매우낮음,0.36281616997483923,초장거리,Uiwang,37.3211,126.94838,Taegum,34.93056,127.71528,0.04206309905137566,말단역,Terminal,0.02405392663992252,말단역,Terminal,C급 (보조),C-grade (Support),중부,남부,True
익산,적량,6,118.30881424977036,0.11830881424977037,0.019718135708295063,176.0,50.52631578947368,38235.58058668477,매우낮음,0.31098528854986224,중거리,Iksan,35.94164,126.9458,Jeokryang,34.85556,127.70611,0.0040575424047481125,말단역,Terminal,0.031027792519494925,말단역,Terminal,C급 (보조),C-grade (Support),중남부,남부,True
인천,입석리,7,138.02694995806542,0.13802694995806541,0.01971813570829506,279.0,51.666666666666664,44608.17735113223,매우낮음,0.36281616997483923,장거리,Incheon,37.47603,126.62662,Ipseokri,37.19686,128.29764,0.0109351030442379,말단역,Terminal,0.025212927299791455,말단역,Terminal,C급 (보조),C-grade (Support),중부,중부,False
인천,제천조차장,6,118.30881424977036,0.11830881424977037,0.019718135708295063,190.7,39.4551724137931,38235.58058668477,매우낮음,0.31098528854986224,중거리,Incheon,37.47603,126.62662,JecheonYard,37.12769,128.1785,0.0109351030442379,말단역,Terminal,0.3272044515385864,주요 허브,Major Hub,C급 (보조),C-grade (Support),중부,중부,False
입석리,광운대,21,414.08084987419625,0.41408084987419624,0.01971813570829506,158.6,42.36128327575696,133824.5320533967,매우낮음,1.0884485099245178,중거리,Ipseokri,37.19686,128.29764,Gwangwoondae,37.62369,127.06191,0.025212927299791455,말단역,Terminal,0.011869094700967739,말단역,Terminal,A급 (주요),A-grade (Major),중부,북부,True
입석리,괴동,7,138.02694995806542,0.13802694995806541,0.01971813570829506,270.0,33.89121338912134,44608.17735113223,매우낮음,0.36281616997483923,장거리,Ipseokri,37.19686,128.29764,Goedong,35.99667,129.375,0.025212927299791455,말단역,Terminal,0.14825346908270137,중간 허브,Intermediate Hub,C급 (보조),C-grade (Support),중부,중남부,True
입석리,대전조차장,7,138.02694995806542,0.13802694995806541,0.01971813570829506,168.1,49.930693069306926,44608.17735113223,매우낮음,0.36281616997483923,중거리,Ipseokri,37.19686,128.29764,DaejeonYard,36.37111,127.4225,0.025212927299791455,말단역,Terminal,0.023176296389022886,말단역,Terminal,C급 (보조),C-grade (Support),중부,중남부,True
입석리,오봉,20,394.3627141659012,0.3943627141659012,0.01971813570829506,232.6,58.12370048305506,127451.93528894923,매우낮음,1.0366176284995405,장거리,Ipseokri,37.19686,128.29764,Obong,37.33611,126.96111,0.025212927299791455,말단역,Terminal,0.15391569198342916,주요 허브,Major Hub,A급 (주요),A-grade (Major),중부,중부,False
적량,동산,6,118.30881424977036,0.11830881424977037,0.019718135708295063,158.4,60.151898734177216,38235.58058668477,매우낮음,0.31098528854986224,중거리,Jeokryang,34.85556,127.70611,Dongsan,35.875,127.08778,0.031027792519494925,말단역,Terminal,0.08660997820852037,중간 허브,Intermediate Hub,C급 (보조),C-grade (Support),남부,중남부,True
제천,괴동,14,276.05389991613083,0.27605389991613083,0.01971813570829506,256.3,35.972372697724815,89216.35470226446,매우낮음,0.7256323399496785,장거리,Jecheon,37.12722,128.20617,Goedong,35.99667,129.375,0.004087401654046361,말단역,Terminal,0.14825346908270137,중간 허브,Intermediate Hub,B급 (일반),B-grade (General),중부,중남부,True
제천조차장,괴동,7,138.02694995806542,0.13802694995806541,0.01971813570829506,258.6,38.50124069478908,44608.17735113223,매우낮음,0.36281616997483923,장거리,JecheonYard,37.12769,128.1785,Goedong,35.99667,129.375,0.3272044515385864,주요 허브,Major Hub,0.14825346908270137,중간 허브,Intermediate Hub,C급 (보조),C-grade (Support),중부,중남부,True
제천조차장,대전조차장,21,414.08084987419625,0.41408084987419624,0.01971813570829506,152.1,52.897947465958374,133824.5320533967,매우낮음,1.0884485099245178,중거리,JecheonYard,37.12769,128.1785,DaejeonYard,36.37111,127.4225,0.3272044515385864,주요 허브,Major Hub,0.023176296389022886,말단역,Terminal,A급 (주요),A-grade (Major),중부,중남부,True
제천조차장,덕소,12,236.61762849954073,0.23661762849954074,0.019718135708295063,125.1,51.10011077263916,76471.16117336955,매우낮음,0.6219705770997245,중거리,JecheonYard,37.12769,128.1785,Deokso,37.58639,127.20944,0.3272044515385864,주요 허브,Major Hub,0.025453410697351183,말단역,Terminal,B급 (일반),B-grade (General),중부,북부,True
제천조차장,동산,7,138.02694995806542,0.13802694995806541,0.01971813570829506,257.6,56.4087591240876,44608.17735113223,매우낮음,0.36281616997483923,장거리,JecheonYard,37.12769,128.1785,Dongsan,35.875,127.08778,0.3272044515385864,주요 허브,Major Hub,0.08660997820852037,중간 허브,Intermediate Hub,C급 (보조),C-grade (Support),중부,중남부,True
제천조차장,동해,26,512.6715284156716,0.5126715284156715,0.01971813570829506,161.0,30.461523396702013,165687.515875634,매우낮음,1.347602917049403,중거리,JecheonYard,37.12769,128.1785,Donghae,37.49798,129.12276,0.3272044515385864,주요 허브,Major Hub,0.2088824901742632,중간 허브,Intermediate Hub,A급 (주요),A-grade (Major),중부,중부,False
제천조차장,수색,12,236.61762849954073,0.23661762849954074,0.019718135708295063,254.2,56.06094276094276,76471.16117336955,매우낮음,0.6219705770997245,장거리,JecheonYard,37.12769,128.1785,Susaek,37.58176,126.89395,0.3272044515385864,주요 허브,Major Hub,0.01893248948234788,말단역,Terminal,B급 (일반),B-grade (General),중부,북부,True
제천조차장,신동,5,98.5906785414753,0.0985906785414753,0.01971813570829506,243.3,43.57611940298508,31862.983822237307,매우낮음,0.25915440712488513,장거리,JecheonYard,37.12769,128.1785,Shindong,35.95556,128.32861,0.3272044515385864,주요 허브,Major Hub,0.004124667333972898,말단역,Terminal,C급 (보조),C-grade (Support),중부,중남부,True
제천조차장,영주,6,118.30881424977036,0.11830881424977037,0.019718135708295063,64.7,25.880000000000006,38235.58058668477,매우낮음,0.31098528854986224,단거리,JecheonYard,37.12769,128.1785,Yeongju,36.81094,128.62575,0.3272044515385864,주요 허브,Major Hub,0.10596447231244494,중간 허브,Intermediate Hub,C급 (보조),C-grade (Support),중부,중부,False
제천조차장,오봉,35,690.1347497903271,0.6901347497903271,0.01971813570829506,216.6,58.030609690582,223040.88675566117,매우낮음,1.8140808498741963,장거리,JecheonYard,37.12769,128.1785,Obong,37.33611,126.96111,0.3272044515385864,주요 허브,Major Hub,0.15391569198342916,주요 허브,Major Hub,A급 (주요),A-grade (Major),중부,중부,False
제천조차장,인천,6,118.30881424977036,0.11830881424977037,0.019718135708295063,190.7,37.88741721854304,38235.58058668477,매우낮음,0.31098528854986224,중거리,JecheonYard,37.12769,128.1785,Incheon,37.47603,126.62662,0.3272044515385864,주요 허브,Major Hub,0.0109351030442379,말단역,Terminal,C급 (보조),C-grade (Support),중부,중부,False
제천조차장,철암,7,138.02694995806542,0.13802694995806541,0.01971813570829506,110.7,37.31460674157303,44608.17735113223,매우낮음,0.36281616997483923,중거리,JecheonYard,37.12769,128.1785,Cheoram,37.11289,129.03696,0.3272044515385864,주요 허브,Major Hub,0.044737023369392205,말단역,Terminal,C급 (보조),C-grade (Support),중부,중부,False
제천조차장,흑석리,5,98.5906785414753,0.0985906785414753,0.01971813570829506,169.4,54.06382978723404,31862.983822237307,매우낮음,0.25915440712488513,중거리,JecheonYard,37.12769,128.1785,Heukseokri,36.25524,127.33913,0.3272044515385864,주요 허브,Major Hub,0.004155933961844805,말단역,Terminal,C급 (보조),C-grade (Support),중부,중남부,True
천안,광양,6,118.30881424977036,0.11830881424977037,0.019718135708295063,321.4,43.827272727272735,38235.58058668477,매우낮음,0.31098528854986224,초장거리,Cheonan,36.81012,127.14683,Gwangyang,34.95611,127.58778,0.030071364885365763,말단역,Terminal,0.03522870542381626,말단역,Terminal,C급 (보조),C-grade (Support),중부,남부,True
천안,부산신항,5,98.5906785414753,0.0985906785414753,0.01971813570829506,335.2,60.94545454545455,31862.983822237307,매우낮음,0.25915440712488513,초장거리,Cheonan,36.81012,127.14683,BusanNewPort,35.11429,128.84629,0.030071364885365763,말단역,Terminal,0.22117197274517447,중간 허브,Intermediate Hub,C급 (보조),C-grade (Support),중부,남부,True
철암,간치,7,138.02694995806542,0.13802694995806541,0.01971813570829506,367.5,40.75785582255083,44608.17735113223,매우낮음,0.36281616997483923,초장거리,Cheoram,37.11289,129.03696,Ganchi,36.20982,126.62076,0.044737023369392205,말단역,Terminal,0.007966883551809337,말단역,Terminal,C급 (보조),C-grade (Support),중부,중남부,True
철암,경주,7,138.02694995806542,0.13802694995806541,0.01971813570829506,253.8,35.74647887323944,44608.17735113223,매우낮음,0.36281616997483923,장거리,Cheoram,37.11289,129.03696,Gyeongju,35.79833,129.13889,0.044737023369392205,말단역,Terminal,0.004088923851919634,말단역,Terminal,C급 (보조),C-grade (Support),중부,중남부,True
철암,영주,7,138.02694995806542,0.13802694995806541,0.01971813570829506,87.0,39.84732824427481,44608.17735113223,매우낮음,0.36281616997483923,단거리,Cheoram,37.11289,129.03696,Yeongju,36.81094,128.62575,0.044737023369392205,말단역,Terminal,0.10596447231244494,중간 허브,Intermediate Hub,C급 (보조),C-grade (Support),중부,중부,False
철암,온산,7,138.02694995806542,0.13802694995806541,0.01971813570829506,318.7,31.869999999999997,44608.17735113223,매우낮음,0.36281616997483923,초장거리,Cheoram,37.11289,129.03696,Onsan,35.42133,129.35103,0.044737023369392205,말단역,Terminal,0.023749447894675674,말단역,Terminal,C급 (보조),C-grade (Support),중부,남부,True
철암,제천조차장,6,118.30881424977036,0.11830881424977037,0.019718135708295063,113.7,28.307053941908716,38235.58058668477,매우낮음,0.31098528854986224,중거리,Cheoram,37.11289,129.03696,JecheonYard,37.12769,128.1785,0.044737023369392205,말단역,Terminal,0.3272044515385864,주요 허브,Major Hub,C급 (보조),C-grade (Support),중부,중부,False
청주,제천조차장,14,276.05389991613083,0.27605389991613083,0.01971813570829506,108.4,66.39500000000001,89216.35470226446,매우낮음,0.7256323399496785,중거리,Cheongju,36.64671,127.24399,JecheonYard,37.12769,128.1785,0.020708338976708547,말단역,Terminal,0.3272044515385864,주요 허브,Major Hub,B급 (일반),B-grade (General),중부,중부,False
태금,괴동,7,138.02694995806542,0.13802694995806541,0.01971813570829506,338.8,42.88607594936709,44608.17735113223,매우낮음,0.36281616997483923,초장거리,Taegum,34.93056,127.71528,Goedong,35.99667,129.375,0.02405392663992252,말단역,Terminal,0.14825346908270137,중간 허브,Intermediate Hub,C급 (보조),C-grade (Support),남부,중남부,True
태금,군산,7,138.02694995806542,0.13802694995806541,0.01971813570829506,193.6,31.737704918032787,44608.17735113223,매우낮음,0.36281616997483923,중거리,Taegum,34.93056,127.71528,Gunsan,35.9977,126.76087,0.02405392663992252,말단역,Terminal,0.012851851427976258,말단역,Terminal,C급 (보조),C-grade (Support),남부,중남부,True
태금,오봉,14,276.05389991613083,0.27605389991613083,0.01971813570829506,392.3,54.48183354005389,89216.35470226446,매우낮음,0.7256323399496785,초장거리,Taegum,34.93056,127.71528,Obong,37.33611,126.96111,0.02405392663992252,말단역,Terminal,0.15391569198342916,주요 허브,Major Hub,B급 (일반),B-grade (General),남부,중부,True
팔당,쌍룡,14,276.05389991613083,0.27605389991613083,0.01971813570829506,140.0,35.78685689580631,89216.35470226446,매우낮음,0.7256323399496785,중거리,Paldang,37.53328,127.24454,Ssangryong,37.17439,127.34,0.004103603804318228,말단역,Terminal,0.03492810825789339,말단역,Terminal,B급 (일반),B-grade (General),북부,중부,True
황등,목포,5,98.5906785414753,0.0985906785414753,0.01971813570829506,195.3,43.08088235294118,31862.983822237307,매우낮음,0.25915440712488513,중거리,Hwangdeung,35.99972,126.94335,Mokpo,34.8,126.4,0.04710339629803706,중간 허브,Intermediate Hub,0.0040611960481859955,말단역,Terminal,C급 (보조),C-grade (Support),중남부,남부,True
황등,부산신항,10,197.1813570829506,0.1971813570829506,0.01971813570829506,312.1,56.694378528761966,63725.967644474615,매우낮음,0.5183088142497703,초장거리,Hwangdeung,35.99972,126.94335,BusanNewPort,35.11429,128.84629,0.04710339629803706,중간 허브,Intermediate Hub,0.22117197274517447,중간 허브,Intermediate Hub,B급 (일반),B-grade (General),중남부,남부,True
황등,신광양항,11,216.89949279124565,0.21689949279124565,0.01971813570829506,172.5,47.178962170568546,70098.56440892207,매우낮음,0.5701396956747474,중거리,Hwangdeung,35.99972,126.94335,ShingwangyangPort,34.89778,127.64722,0.04710339629803706,중간 허브,Intermediate Hub,0.07332445377988714,중간 허브,Intermediate Hub,B급 (일반),B-grade (General),중남부,남부,True
흥국사,나주,7,138.02694995806542,0.13802694995806541,0.01971813570829506,297.6,39.15789473684212,44608.17735113223,매우낮음,0.36281616997483923,장거리,Heungguksa,34.81667,127.67611,Naju,35.01426,126.71699,0.031009437716754792,말단역,Terminal,0.004024011888073619,말단역,Terminal,C급 (보조),C-grade (Support),남부,남부,False
흥국사,부산신항,6,118.30881424977036,0.11830881424977037,0.019718135708295063,178.3,52.44117647058824,38235.58058668477,매우낮음,0.31098528854986224,중거리,Heungguksa,34.81667,127.67611,BusanNewPort,35.11429,128.84629,0.031009437716754792,말단역,Terminal,0.22117197274517447,중간 허브,Intermediate Hub,C급 (보조),C-grade (Support),남부,남부,False
