node,seed,centrality,cascade_impact
JecheonYard,42,0.33082814617398854,1.0
BusanNewPort,42,0.25930597732314165,0.2830188679245283
Donghae,42,0.3797198262524516,1.0
Obong,42,0.33030168874075017,0.22641509433962265
Goedong,42,0.28725508903150027,1.0
Yeongju,42,0.1750044441734304,0.018867924528301886
Dongsan,42,0.1450343665471531,0.11320754716981132
ShingwangyangPort,42,0.18808038619741402,0.1509433962264151
Dodam,42,0.26376594981833856,0.018867924528301886
Busanjin,42,0.17620493419662,0.3018867924528302
Cheoram,42,0.19473116356492728,0.03773584905660377
Hwangdeung,42,0.057985668596814005,0.16981132075471697
Sapgyo,42,0.035350514702691585,0.2830188679245283
Ssangryong,42,0.1734461602816628,0.018867924528301886
Gwangyang,42,0.08678717671517008,0.05660377358490566
Suncheon,42,0.07793460907999498,0.03773584905660377
DaejeonYard,42,0.11202366952127185,0.018867924528301886
Uiwang,42,0.16157685911208913,0.18867924528301888
Cheongju,42,0.006796414311122843,0.1320754716981132
Onsan,42,0.12438293250302936,0.03773584905660377
Heungguksa,42,0.07117776091103217,0.018867924528301886
Okgye,42,0.04044435343716669,0.018867924528301886
Taegum,42,0.08202498872158892,0.018867924528301886
Deokso,42,0.14161273167930624,0.018867924528301886
Gunsan,42,0.028591323551328394,0.11320754716981132
Gacheon,42,0.09846516682010757,0.018867924528301886
Incheon,42,0.044063116838254736,0.018867924528301886
Masan,42,0.026761125890299636,0.018867924528301886
Yakmok,42,0.026403761559849387,0.16981132075471697
Ipseokri,42,0.08227470067346605,0.05660377358490566
Naju,42,0.017702096719768516,0.05660377358490566
Jeokryang,42,0.10883066278685179,0.018867924528301886
Ganchi,42,0.001533390884936913,0.03773584905660377
Paldang,42,0.07106430758531396,0.018867924528301886
Doan,42,0.0014623857147760184,0.018867924528301886
Mokpo,42,0.05579106372570215,0.018867924528301886
Eumseong,42,0.04189751378319652,0.018867924528301886
Munsu,42,0.05579106372570215,0.018867924528301886
BugangCargo,42,0.07463241106858237,0.03773584905660377
Seokhang,42,0.01867223958709982,0.018867924528301886
Shindong,42,0.05579106372570215,0.018867924528301886
Gaya,42,0.07106430758531396,0.018867924528301886
Jecheon,42,0.0816974333609761,0.018867924528301886
Gyeongju,42,0.0160571027061602,0.03773584905660377
Heukseokri,42,0.07117776091103217,0.018867924528301886
Seokpo,42,0.017702096719768516,0.05660377358490566
Sillyewon,42,0.05579106372570215,0.018867924528301886
Taehwagang,42,0.07117776091103217,0.018867924528301886
Iksan,42,0.0003299565056040609,0.03773584905660377
Mureung,42,0.012476053183129929,0.018867924528301886
Susaek,42,0.10903165986748929,0.018867924528301886
Gwangwoondae,42,0.12094063895773045,0.018867924528301886
Cheonan,42,0.13748849708667824,0.018867924528301886
JecheonYard,137,0.4785586003385279,1.0
BusanNewPort,137,0.3086717889183766,0.37735849056603776
Donghae,137,0.28675898890038604,0.18867924528301888
Obong,137,0.201944487975107,0.3018867924528302
Goedong,137,0.21094175189117714,0.4528301886792453
Yeongju,137,0.08687819448632504,0.11320754716981132
Dongsan,137,0.06871701136639329,0.5283018867924528
ShingwangyangPort,137,0.12754719038943238,0.16981132075471697
Dodam,137,0.22133694601825135,0.1320754716981132
Busanjin,137,0.15360079587197903,0.018867924528301886
Cheoram,137,0.23452739757074595,0.07547169811320754
Hwangdeung,137,0.10921787984659827,0.018867924528301886
Sapgyo,137,0.11735520438810104,0.16981132075471697
Ssangryong,137,0.062315146660502,0.05660377358490566
Gwangyang,137,0.1716897960520531,0.07547169811320754
Suncheon,137,0.11249693651674747,0.03773584905660377
DaejeonYard,137,0.1950772082491503,0.018867924528301886
Uiwang,137,0.12743273134829144,0.018867924528301886
Cheongju,137,0.14614162831660651,0.018867924528301886
Onsan,137,0.14777905857627635,0.03773584905660377
Heungguksa,137,0.04055736732903134,0.03773584905660377
Okgye,137,0.04084848166183619,0.018867924528301886
Taegum,137,0.2002500083388921,0.018867924528301886
Deokso,137,0.06332972528672333,0.03773584905660377
Gunsan,137,0.08052349092989752,0.1320754716981132
Gacheon,137,0.09239466396777064,0.018867924528301886
Incheon,137,0.05659339763421689,0.018867924528301886
Masan,137,0.037490116905559076,0.018867924528301886
Yakmok,137,0.0030911409126906557,0.03773584905660377
Ipseokri,137,0.23378077908543815,0.018867924528301886
Naju,137,0.011568268292819883,0.018867924528301886
Jeokryang,137,0.016076715662396424,0.1509433962264151
Ganchi,137,0.08448920811238694,0.018867924528301886
Paldang,137,0.002874248515509248,0.1320754716981132
Doan,137,0.0029845969197582175,0.018867924528301886
Mokpo,137,0.007529163615420572,0.018867924528301886
Eumseong,137,0.08883999764557253,0.018867924528301886
Munsu,137,0.02367797042886206,0.018867924528301886
BugangCargo,137,0.018089778877973618,0.018867924528301886
Seokhang,137,0.015482353124096158,0.03773584905660377
Shindong,137,0.0005738742414070574,0.018867924528301886
Gaya,137,0.053235032877939785,0.018867924528301886
Jecheon,137,0.057301630671033985,0.018867924528301886
Gyeongju,137,0.027433864389375336,0.018867924528301886
Heukseokri,137,0.004911927915542751,0.05660377358490566
Seokpo,137,0.01612855862289641,0.018867924528301886
Sillyewon,137,0.011756940761318457,0.018867924528301886
Taehwagang,137,0.041089599027502074,0.018867924528301886
Iksan,137,0.053235032877939785,0.018867924528301886
Mureung,137,0.01612855862289641,0.018867924528301886
Susaek,137,0.1376234963617326,0.05660377358490566
Gwangwoondae,137,0.11316488402412582,0.018867924528301886
Cheonan,137,0.026459984750159555,0.03773584905660377
JecheonYard,256,0.4344360403314363,1.0
BusanNewPort,256,0.265239482503685,1.0
Donghae,256,0.2963240869879543,0.32075471698113206
Obong,256,0.23248301584496195,0.24528301886792453
Goedong,256,0.2313678413307468,0.20754716981132076
Yeongju,256,0.2450181138752054,0.07547169811320754
Dongsan,256,0.04965461066740921,1.0
ShingwangyangPort,256,0.05265584328061018,0.07547169811320754
Dodam,256,0.281814399814539,0.09433962264150944
Busanjin,256,0.24015186742294448,0.05660377358490566
Cheoram,256,0.2352436322495231,0.05660377358490566
Hwangdeung,256,0.06035654677133978,0.33962264150943394
Sapgyo,256,0.037519408495956655,1.0
Ssangryong,256,0.11503824391524672,0.11320754716981132
Gwangyang,256,0.1373784215406797,0.018867924528301886
Suncheon,256,0.07006374215253584,0.03773584905660377
DaejeonYard,256,0.1452373965480938,0.018867924528301886
Uiwang,256,0.12214944928276433,0.018867924528301886
Cheongju,256,0.09193102124029637,0.018867924528301886
Onsan,256,0.17084654353763093,0.03773584905660377
Heungguksa,256,0.018518513275937544,0.05660377358490566
Okgye,256,0.13465884907427644,0.018867924528301886
Taegum,256,0.11600857468979146,0.07547169811320754
Deokso,256,0.07573461990390622,0.03773584905660377
Gunsan,256,0.04804038332826611,0.05660377358490566
Gacheon,256,0.11129503538696997,0.018867924528301886
Incheon,256,0.048528895280045364,0.03773584905660377
Masan,256,0.04607614610755053,0.018867924528301886
Yakmok,256,0.019398082939075342,0.018867924528301886
Ipseokri,256,0.16125866518784282,0.05660377358490566
Naju,256,0.08609960542571908,0.018867924528301886
Jeokryang,256,0.047960064668717585,0.03773584905660377
Ganchi,256,0.08976971321770218,0.05660377358490566
Paldang,256,0.052567416603131446,0.018867924528301886
Doan,256,0.05872761878383853,0.018867924528301886
Mokpo,256,0.003670107791983105,0.018867924528301886
Eumseong,256,0.01043586423211878,0.018867924528301886
Munsu,256,0.04585487513274583,0.018867924528301886
BugangCargo,256,0.1011094848412195,0.018867924528301886
Seokhang,256,0.009505357686511243,0.018867924528301886
Shindong,256,0.03386002111836027,0.018867924528301886
Gaya,256,0.05585168179760165,0.018867924528301886
Jecheon,256,0.009617922539540592,0.03773584905660377
Gyeongju,256,0.031960060625682754,0.05660377358490566
Heukseokri,256,0.05585168179760165,0.018867924528301886
Seokpo,256,0.031960060625682754,0.05660377358490566
Sillyewon,256,0.01626435697096541,0.03773584905660377
Taehwagang,256,0.0019642372207155753,0.05660377358490566
Iksan,256,0.04607614610755053,0.018867924528301886
Mureung,256,0.009910588157341577,0.03773584905660377
Susaek,256,0.1699147564249094,0.018867924528301886
Gwangwoondae,256,0.08206638372964685,0.03773584905660377
Cheonan,256,0.0688462380787349,0.018867924528301886
JecheonYard,512,0.4436856976431417,1.0
BusanNewPort,512,0.2964048353005042,1.0
Donghae,512,0.35448070750006444,0.1509433962264151
Obong,512,0.32431336955760875,0.33962264150943394
Goedong,512,0.29615887874383834,0.22641509433962265
Yeongju,512,0.08575423404792998,0.11320754716981132
Dongsan,512,0.16679844143484804,0.1509433962264151
ShingwangyangPort,512,0.19222903524004378,0.1509433962264151
Dodam,512,0.14105896090496028,0.09433962264150944
Busanjin,512,0.24441369681646394,0.11320754716981132
Cheoram,512,0.04918401004133601,0.07547169811320754
Hwangdeung,512,0.19733433109353526,0.018867924528301886
Sapgyo,512,0.002980915405141905,0.11320754716981132
Ssangryong,512,0.07435573081455428,0.03773584905660377
Gwangyang,512,0.06043399432450986,0.03773584905660377
Suncheon,512,0.06605413246033581,0.03773584905660377
DaejeonYard,512,0.1369320004553199,0.03773584905660377
Uiwang,512,0.12703148217085447,0.018867924528301886
Cheongju,512,0.01599742091100239,0.05660377358490566
Onsan,512,0.09829467237116747,0.018867924528301886
Heungguksa,512,0.015979370271021635,0.03773584905660377
Okgye,512,0.02411247536888994,0.018867924528301886
Taegum,512,0.08390020923287621,0.018867924528301886
Deokso,512,0.03544689148225913,0.1509433962264151
Gunsan,512,0.07185146884096948,0.05660377358490566
Gacheon,512,0.03718047125618047,0.018867924528301886
Incheon,512,0.1438966614155652,0.018867924528301886
Masan,512,0.006390864604074889,0.018867924528301886
Yakmok,512,0.00916503184772475,0.03773584905660377
Ipseokri,512,0.16610632114550306,0.03773584905660377
Naju,512,0.0016523185096787374,0.018867924528301886
Jeokryang,512,0.030675291034883142,0.22641509433962265
Ganchi,512,0.06517269230802607,0.018867924528301886
Paldang,512,0.058469615427680456,0.018867924528301886
Doan,512,0.05339299944460615,0.018867924528301886
Mokpo,512,0.01089558298114306,0.018867924528301886
Eumseong,512,0.05339299944460615,0.018867924528301886
Munsu,512,0.002413786564573305,0.05660377358490566
BugangCargo,512,0.06684301747650828,0.018867924528301886
Seokhang,512,0.07998941459315986,0.018867924528301886
Shindong,512,0.013388843449840001,0.03773584905660377
Gaya,512,0.0028807828507644282,0.018867924528301886
Jecheon,512,0.000537395445314548,0.018867924528301886
Gyeongju,512,0.05339299944460615,0.018867924528301886
Heukseokri,512,0.011908463996226967,0.018867924528301886
Seokpo,512,0.02543059380519576,0.018867924528301886
Sillyewon,512,0.06390724682240535,0.018867924528301886
Taehwagang,512,0.024687298772296515,0.07547169811320754
Iksan,512,0.029947251077317112,0.03773584905660377
Mureung,512,0.05339299944460615,0.018867924528301886
Susaek,512,0.1825232677311175,0.018867924528301886
Gwangwoondae,512,0.06226014284566488,0.018867924528301886
Cheonan,512,0.07998941459315986,0.018867924528301886
JecheonYard,1024,0.44117343755819177,1.0
BusanNewPort,1024,0.23609581294655577,0.37735849056603776
Donghae,1024,0.2806127039468118,0.2830188679245283
Obong,1024,0.41196664244573217,0.11320754716981132
Goedong,1024,0.31716169709523817,0.24528301886792453
Yeongju,1024,0.1436737410793876,0.22641509433962265
Dongsan,1024,0.10676225817600872,0.09433962264150944
ShingwangyangPort,1024,0.06421647176775935,0.20754716981132076
Dodam,1024,0.2399139957841775,0.09433962264150944
Busanjin,1024,0.1415741895215749,0.018867924528301886
Cheoram,1024,0.08519018714683996,0.07547169811320754
Hwangdeung,1024,0.07598970836441843,0.05660377358490566
Sapgyo,1024,0.0646765679803622,0.018867924528301886
Ssangryong,1024,0.11326846926084355,0.03773584905660377
Gwangyang,1024,0.03931905282552722,0.03773584905660377
Suncheon,1024,0.029493218290944756,0.07547169811320754
DaejeonYard,1024,0.1882585036979202,0.018867924528301886
Uiwang,1024,0.054418667261125625,0.03773584905660377
Cheongju,1024,0.004611306914494072,0.1509433962264151
Onsan,1024,0.14489173604586858,0.03773584905660377
Heungguksa,1024,0.04253258138984297,0.018867924528301886
Okgye,1024,0.07373878325190222,0.018867924528301886
Taegum,1024,0.13704564172544217,0.05660377358490566
Deokso,1024,0.1737065489370734,0.07547169811320754
Gunsan,1024,0.02285424161205705,0.1509433962264151
Gacheon,1024,0.1422327704458484,0.018867924528301886
Incheon,1024,0.09851373468893,0.018867924528301886
Masan,1024,0.004449038216949487,0.05660377358490566
Yakmok,1024,0.09012107720843696,0.018867924528301886
Ipseokri,1024,0.16780752973516722,0.03773584905660377
Naju,1024,0.044998534774751936,0.018867924528301886
Jeokryang,1024,0.0008649907166213979,0.1509433962264151
Ganchi,1024,0.08576335766222061,0.03773584905660377
Paldang,1024,0.0008649907006366867,0.018867924528301886
Doan,1024,0.02570451769526709,0.018867924528301886
Mokpo,1024,0.00016226872015038087,0.018867924528301886
Eumseong,1024,0.010206972910958345,0.018867924528301886
Munsu,1024,0.014252367466404344,0.018867924528301886
BugangCargo,1024,0.048569603436476094,0.018867924528301886
Seokhang,1024,0.07726903988506396,0.018867924528301886
Shindong,1024,0.03147377849122502,0.03773584905660377
Gaya,1024,0.059486415785497876,0.018867924528301886
Jecheon,1024,0.07726903988506396,0.018867924528301886
Gyeongju,1024,0.044282833939677,0.018867924528301886
Heukseokri,1024,0.0827463546603505,0.018867924528301886
Seokpo,1024,0.016085696111237686,0.03773584905660377
Sillyewon,1024,0.07726903988506396,0.018867924528301886
Taehwagang,1024,0.0827463546603505,0.018867924528301886
Iksan,1024,0.0008649907006366867,0.018867924528301886
Mureung,1024,0.027175773760369944,0.018867924528301886
Susaek,1024,0.09173503398207686,0.018867924528301886
Gwangwoondae,1024,0.10282555823469268,0.018867924528301886
Cheonan,1024,0.03432239034761315,0.018867924528301886
JecheonYard,2048,0.4079167506829128,1.0
BusanNewPort,2048,0.3092629836255373,1.0
Donghae,2048,0.36772369883853834,0.33962264150943394
Obong,2048,0.36277128759498145,1.0
Goedong,2048,0.2707524020202191,0.24528301886792453
Yeongju,2048,0.1612208504360247,0.07547169811320754
Dongsan,2048,0.004813474667653773,0.18867924528301888
ShingwangyangPort,2048,0.14203649854657371,0.05660377358490566
Dodam,2048,0.2246527890569787,0.09433962264150944
Busanjin,2048,0.07907862773190066,0.24528301886792453
Cheoram,2048,0.09669898877366828,0.16981132075471697
Hwangdeung,2048,0.10828727326774966,0.018867924528301886
Sapgyo,2048,0.054745066490859404,0.2641509433962264
Ssangryong,2048,0.08050131188950162,0.018867924528301886
Gwangyang,2048,0.06032716734570882,0.05660377358490566
Suncheon,2048,0.12880728713935968,0.018867924528301886
DaejeonYard,2048,0.1881776031533537,0.018867924528301886
Uiwang,2048,0.1406442022834019,0.09433962264150944
Cheongju,2048,0.13898847218558866,0.018867924528301886
Onsan,2048,0.232501184266587,0.018867924528301886
Heungguksa,2048,0.02776485756196644,0.03773584905660377
Okgye,2048,0.01697071001521017,0.018867924528301886
Taegum,2048,0.02343079689277709,0.18867924528301888
Deokso,2048,0.004806392006723133,0.18867924528301888
Gunsan,2048,0.01909035002281716,0.03773584905660377
Gacheon,2048,0.042384567934407966,0.018867924528301886
Incheon,2048,0.07388769671369376,0.018867924528301886
Masan,2048,0.0150459985350049,0.018867924528301886
Yakmok,2048,0.0009504040138375685,0.03773584905660377
Ipseokri,2048,0.15759362451855824,0.018867924528301886
Naju,2048,0.0009146087727757102,0.018867924528301886
Jeokryang,2048,0.08731994363697117,0.07547169811320754
Ganchi,2048,0.1203566601778888,0.018867924528301886
Paldang,2048,0.01839914683427852,0.018867924528301886
Doan,2048,0.003632461363021144,0.018867924528301886
Mokpo,2048,0.0009159621713984917,0.018867924528301886
Eumseong,2048,0.07761222388979333,0.018867924528301886
Munsu,2048,0.051515956727566495,0.018867924528301886
BugangCargo,2048,0.09900781625119008,0.018867924528301886
Seokhang,2048,0.07761222388979333,0.018867924528301886
Shindong,2048,0.02702437897318697,0.018867924528301886
Gaya,2048,0.002266069260274743,0.03773584905660377
Jecheon,2048,0.0009146087727757102,0.018867924528301886
Gyeongju,2048,0.05884169817868886,0.018867924528301886
Heukseokri,2048,0.04274443628809548,0.018867924528301886
Seokpo,2048,0.05884169817868886,0.018867924528301886
Sillyewon,2048,0.06996558896067083,0.018867924528301886
Taehwagang,2048,0.051515956727566495,0.018867924528301886
Iksan,2048,0.0001808900649385488,0.018867924528301886
Mureung,2048,0.005282687730444231,0.018867924528301886
Susaek,2048,0.12605970416052312,0.018867924528301886
Gwangwoondae,2048,0.034447114461031166,0.018867924528301886
Cheonan,2048,0.011909608457913888,0.03773584905660377
JecheonYard,4096,0.43154878680911274,1.0
BusanNewPort,4096,0.12246428676501013,1.0
Donghae,4096,0.25258071803738513,0.22641509433962265
Obong,4096,0.44341909005891517,1.0
Goedong,4096,0.13482095415888562,0.20754716981132076
Yeongju,4096,0.19254128739420068,0.018867924528301886
Dongsan,4096,0.13137475680495306,1.0
ShingwangyangPort,4096,0.11279427141367743,0.11320754716981132
Dodam,4096,0.3057729495684521,0.1320754716981132
Busanjin,4096,0.10573734596984168,0.05660377358490566
Cheoram,4096,0.1185927274039273,0.05660377358490566
Hwangdeung,4096,0.14185199965069217,0.1320754716981132
Sapgyo,4096,0.01590557362941394,0.09433962264150944
Ssangryong,4096,0.14359507855369247,0.05660377358490566
Gwangyang,4096,0.18800771681003609,0.018867924528301886
Suncheon,4096,0.022632648958161226,0.05660377358490566
DaejeonYard,4096,0.1554954199651469,0.03773584905660377
Uiwang,4096,0.06059974346071001,0.03773584905660377
Cheongju,4096,0.08749194322501239,0.07547169811320754
Onsan,4096,0.19645148287306996,0.03773584905660377
Heungguksa,4096,0.022773251400925128,0.1320754716981132
Okgye,4096,0.1273753248174093,0.018867924528301886
Taegum,4096,0.06889370217858076,0.09433962264150944
Deokso,4096,0.024823402163694885,0.03773584905660377
Gunsan,4096,0.1136819340159698,0.1320754716981132
Gacheon,4096,0.004392350234295215,0.03773584905660377
Incheon,4096,0.008763037644369687,0.018867924528301886
Masan,4096,0.019687698975449894,0.018867924528301886
Yakmok,4096,0.042488753693730265,0.018867924528301886
Ipseokri,4096,0.2614458570902131,0.018867924528301886
Naju,4096,0.08034773381801609,0.018867924528301886
Jeokryang,4096,0.1273753248174093,0.018867924528301886
Ganchi,4096,0.02443266278267063,0.018867924528301886
Paldang,4096,0.02280105471828037,0.018867924528301886
Doan,4096,0.021926071469926176,0.03773584905660377
Mokpo,4096,0.004240079722503697,0.018867924528301886
Eumseong,4096,0.022080919798951812,0.018867924528301886
Munsu,4096,0.004082338709297855,0.1320754716981132
BugangCargo,4096,0.038370547002269106,0.018867924528301886
Seokhang,4096,0.08034773381801609,0.018867924528301886
Shindong,4096,0.02280105471828037,0.018867924528301886
Gaya,4096,0.02510152212613211,0.018867924528301886
Jecheon,4096,0.0008178070771252156,0.03773584905660377
Gyeongju,4096,0.0046220171579343374,0.018867924528301886
Heukseokri,4096,0.01282688946622221,0.018867924528301886
Seokpo,4096,0.011283556471479602,0.018867924528301886
Sillyewon,4096,0.05693065128243149,0.018867924528301886
Taehwagang,4096,0.028950798343623792,0.03773584905660377
Iksan,4096,0.015821596952397248,0.03773584905660377
Mureung,4096,0.036576284727408426,0.018867924528301886
Susaek,4096,0.1645906342744515,0.018867924528301886
Gwangwoondae,4096,0.08497789886218987,0.03773584905660377
Cheonan,4096,0.0598544804656154,0.018867924528301886
JecheonYard,8192,0.42545865736655436,1.0
BusanNewPort,8192,0.30398311765536556,1.0
Donghae,8192,0.2719595274689325,0.22641509433962265
Obong,8192,0.22282849572899974,0.1509433962264151
Goedong,8192,0.25412685437042104,1.0
Yeongju,8192,0.22977754721523538,0.09433962264150944
Dongsan,8192,0.067087727201883,0.16981132075471697
ShingwangyangPort,8192,0.11032822861847215,0.05660377358490566
Dodam,8192,0.29616141962202436,0.11320754716981132
Busanjin,8192,0.17419808830009698,0.05660377358490566
Cheoram,8192,0.19863915940326787,0.018867924528301886
Hwangdeung,8192,0.13787499143524076,0.07547169811320754
Sapgyo,8192,0.0437516218723163,0.07547169811320754
Ssangryong,8192,0.11367566028747939,0.03773584905660377
Gwangyang,8192,0.14010631994591943,0.05660377358490566
Suncheon,8192,0.09717002494185685,0.018867924528301886
DaejeonYard,8192,0.12777715496585085,0.018867924528301886
Uiwang,8192,0.038418947049839156,0.05660377358490566
Cheongju,8192,0.059416078527269926,0.03773584905660377
Onsan,8192,0.17803674907639822,0.05660377358490566
Heungguksa,8192,0.04808695078360477,0.03773584905660377
Okgye,8192,0.07223888988810265,0.018867924528301886
Taegum,8192,0.13707440871502002,0.03773584905660377
Deokso,8192,0.1259755350077255,0.09433962264150944
Gunsan,8192,0.10145435986756486,0.05660377358490566
Gacheon,8192,0.07966571974675307,0.018867924528301886
Incheon,8192,0.06882727894403916,0.018867924528301886
Masan,8192,0.056182290293645916,0.018867924528301886
Yakmok,8192,0.04330455447740571,0.03773584905660377
Ipseokri,8192,0.1279068467782156,0.03773584905660377
Naju,8192,0.0218931480069316,0.03773584905660377
Jeokryang,8192,0.0777227884918703,0.03773584905660377
Ganchi,8192,0.06559915460332189,0.03773584905660377
Paldang,8192,0.02831740740066737,0.018867924528301886
Doan,8192,0.007936651309373871,0.018867924528301886
Mokpo,8192,0.05249912771721308,0.018867924528301886
Eumseong,8192,0.04603448947717127,0.018867924528301886
Munsu,8192,0.08789304150436994,0.018867924528301886
BugangCargo,8192,0.07174549615391715,0.018867924528301886
Seokhang,8192,0.05249912771721308,0.018867924528301886
Shindong,8192,0.026424325093857202,0.03773584905660377
Gaya,8192,0.004522747423848739,0.05660377358490566
Jecheon,8192,0.08789304150436994,0.018867924528301886
Gyeongju,8192,0.08789304150436994,0.018867924528301886
Heukseokri,8192,0.03598715780700774,0.018867924528301886
Seokpo,8192,0.06118286713484912,0.018867924528301886
Sillyewon,8192,0.06118286713484912,0.018867924528301886
Taehwagang,8192,0.009934512238964768,0.018867924528301886
Iksan,8192,0.047469082468466574,0.018867924528301886
Mureung,8192,0.013552095223584248,0.03773584905660377
Susaek,8192,0.207438525784608,0.018867924528301886
Gwangwoondae,8192,0.05989383696964369,0.018867924528301886
Cheonan,8192,0.06477409405457682,0.018867924528301886
